fname,label,Acoustic_guitar,Bass_drum,Cello,Clarinet,Double_bass,Flute,Hi-hat,Saxophone,Snare_drum,Violin_or_fiddle,y_pred
5388d14d.wav,Saxophone,0.00020029918232467026,0.0010431228438392282,0.00231357803568244,0.0004195152432657778,0.0005327676190063357,0.0018558718729764223,4.2874507926171646e-06,0.9351722002029419,0.05013860762119293,0.008319771848618984,Saxophone
c685f05f.wav,Saxophone,0.0009931362001225352,0.013997822999954224,0.0011198188876733184,0.00023519627575296909,0.0003392701328266412,0.0030829771421849728,9.243468230124563e-05,0.8832300901412964,0.08839960396289825,0.008509582839906216,Saxophone
36d20ab5.wav,Saxophone,3.405441020731814e-05,9.451495861867443e-05,0.000503233983181417,0.00030576871358789504,0.00011037365766242146,0.005785990972071886,1.7113358126152889e-06,0.9797593951225281,0.013049800880253315,0.00035504906554706395,Saxophone
d6665734.wav,Saxophone,0.00908889900892973,2.8307558750384487e-05,0.03649047762155533,0.002119236858561635,6.10950737609528e-05,0.005010317079722881,1.1247187103435863e-05,0.899327278137207,0.000268793199211359,0.04759449139237404,Saxophone
7352e28f.wav,Saxophone,1.4572381132893497e-06,6.730301294055607e-08,0.00013116754416842014,0.0001964039693120867,2.1424328622288158e-07,0.11006385833024979,2.8545588202227856e-12,0.8895963430404663,9.602625361537775e-09,1.0580689377093222e-05,Saxophone
8fa096bf.wav,Saxophone,0.0003833273658528924,0.0006414084928110242,0.0038477766793221235,0.00836520828306675,0.00033037946559488773,0.012510431930422783,3.5034609027206898e-06,0.9702094197273254,0.0022924854420125484,0.0014161629369482398,Saxophone
2f9c5f62.wav,Saxophone,0.002108271000906825,8.834874021604322e-13,4.973805403096776e-07,0.09094569832086563,0.00028365314938127995,0.000907316105440259,3.575218246454348e-12,0.9029937982559204,8.111142960842699e-05,0.0026795808225870132,Saxophone
9cd05a2b.wav,Saxophone,7.307557439162338e-07,4.838589120481629e-07,0.0036393380723893642,0.004243064671754837,2.786695222312119e-05,0.009490706026554108,1.4067670406348043e-07,0.9823285341262817,8.412513852817938e-05,0.0001846103259595111,Saxophone
ab465bf9.wav,Saxophone,2.533254473746638e-06,3.0507202097851405e-08,0.0005525044980458915,0.00012419051199685782,2.309703717173761e-08,0.0038746108766645193,1.944494149030973e-10,0.995354175567627,3.2122734694439714e-08,9.164740185951814e-05,Saxophone
c40632d7.wav,Saxophone,0.0009791410993784666,0.00033449986949563026,0.004935495555400848,0.03600255399942398,3.288228981546126e-05,0.01650971546769142,2.2046837329980917e-05,0.9081787467002869,0.004129737615585327,0.028875362128019333,Saxophone
3a80061f.wav,Saxophone,0.014446835033595562,0.0007371950196102262,0.006014235317707062,0.0015648076077923179,0.00017798632325138897,0.026332637295126915,2.2995465087660705e-07,0.9343335032463074,0.0026494329795241356,0.013742969371378422,Saxophone
dba6817d.wav,Saxophone,0.0007248477777466178,0.00010575439227977768,0.03333256021142006,0.001699053100310266,2.7424559448263608e-05,0.013895131647586823,2.989516474372067e-07,0.9262969493865967,0.0018003699369728565,0.022117506712675095,Saxophone
25f26095.wav,Saxophone,0.00017789239063858986,0.0024071026127785444,0.0013981768861413002,0.0005195316625759006,0.0007255834061652422,0.002184453187510371,3.283867613390612e-07,0.9917434453964233,0.0005720307235606015,0.0002715214795898646,Saxophone
37cebbd4.wav,Saxophone,2.3770980988047086e-06,2.022574676630029e-07,0.0015536535065621138,0.0003088090452365577,8.117916877381504e-06,0.020213166251778603,1.096940333705776e-11,0.9778053164482117,5.887015319672173e-09,0.00010830891551449895,Saxophone
f8d96888.wav,Saxophone,0.051704637706279755,0.00014060820103622973,0.017398713156580925,0.0002971483627334237,0.0022308719344437122,0.0017362604849040508,5.229373556403516e-08,0.8819642066955566,0.008497824892401695,0.036029692739248276,Saxophone
d94c94f0.wav,Saxophone,0.0015003407606855035,1.6858224626048468e-05,0.0010803642217069864,0.012051453813910484,3.849126733257435e-05,0.002079300582408905,1.2113774801036925e-06,0.9627107381820679,0.00018682907102629542,0.020334454253315926,Saxophone
ec6afeb6.wav,Saxophone,1.6862501070136204e-05,2.2144717171102e-09,2.650090573297348e-05,0.00041171745397150517,1.91842150343291e-06,0.00983431190252304,7.455216999296965e-13,0.9896922707557678,3.752693711334132e-09,1.624602373340167e-05,Saxophone
5f0dc8e4.wav,Saxophone,0.002402378711849451,9.200483867195092e-19,2.943196250271285e-06,0.00045498073450289667,7.22391705494374e-05,1.4154522887110943e-06,5.6229244091807974e-18,0.996770977973938,4.156860995863099e-06,0.0002907817834056914,Saxophone
b8c0a88a.wav,Saxophone,0.0011680194875225425,7.816469405952375e-06,0.12387488037347794,0.000661101657897234,0.0003447675844654441,0.011811899021267891,1.1446169168038978e-07,0.829683780670166,6.017040504957549e-05,0.032387569546699524,Saxophone
96dad435.wav,Saxophone,0.0008668707450851798,5.853846296588472e-10,8.38242340250872e-06,0.006494768429547548,0.00012786959996446967,0.0012623248621821404,6.807045482837282e-10,0.9900138974189758,7.533255796943195e-08,0.0012257465859875083,Saxophone
b120dc90.wav,Saxophone,0.0001767199719324708,7.497883052565157e-05,0.005368305370211601,0.002209190744906664,0.000542618683539331,0.011000856757164001,6.716609277646057e-07,0.9764272570610046,0.0023963209241628647,0.001803315943107009,Saxophone
c1948f24.wav,Saxophone,0.0001355974964099005,1.9815082907825854e-07,0.0009337126393802464,0.00033661190536804497,0.0002819927758537233,0.19809192419052124,2.1850417308844072e-10,0.8001182079315186,5.35766737641552e-08,0.00010181856487179175,Saxophone
ac097834.wav,Saxophone,0.04719475284218788,0.002347283298149705,0.023438366129994392,0.004892915021628141,0.009533965028822422,0.06895556300878525,4.490044830163242e-06,0.829287052154541,0.00024769757874310017,0.014097873121500015,Saxophone
4345851e.wav,Saxophone,0.0061212205328047276,2.7194562790100463e-05,0.017396852374076843,0.0015878602862358093,0.00011089876352343708,0.0038893052842468023,2.486729044903768e-07,0.9420631527900696,0.0002136540279025212,0.028589587658643723,Saxophone
5d4f8187.wav,Saxophone,0.00039336681948043406,5.619973671855405e-05,0.00026099313981831074,0.00014582769654225558,1.6171139577636495e-05,0.0022839053999632597,7.231780614347372e-07,0.98232102394104,0.004807513207197189,0.009714370593428612,Saxophone
b83049f4.wav,Saxophone,0.004973414819687605,0.0008365040994249284,0.001714313984848559,0.0002958498662337661,0.003715714905411005,0.009495548903942108,3.195766839780845e-05,0.962493896484375,0.00790830422192812,0.008534369990229607,Saxophone
c1c3c8b9.wav,Saxophone,0.036526139825582504,1.713585504603543e-07,0.006049917545169592,0.00015536864520981908,0.020082423463463783,0.02462976984679699,1.830590540263799e-10,0.9123295545578003,4.239029294694774e-05,0.0001841353514464572,Saxophone
78a86075.wav,Saxophone,0.004598338156938553,0.0037335113156586885,0.007569385226815939,0.0005701278569176793,0.0008123048464767635,0.007840954698622227,7.116278197827342e-07,0.9351083636283875,0.015394126065075397,0.024372277781367302,Saxophone
f0d315bc.wav,Saxophone,0.0037166723050177097,0.00013747213233727962,0.003361334791406989,0.002981944242492318,0.0006740536191500723,0.02716928720474243,4.423691279953346e-06,0.9479471445083618,0.011166926473379135,0.0028408453799784184,Saxophone
9c0838c1.wav,Saxophone,0.017150763422250748,7.803330663591623e-05,0.04797450825572014,0.0008191941888071597,8.122027793433517e-05,0.0058370670303702354,1.861530876112738e-07,0.8555229306221008,0.020492998883128166,0.052042845636606216,Saxophone
d6144e01.wav,Violin_or_fiddle,4.113557588425465e-05,4.502895833979892e-10,1.6366611532703246e-07,0.0018170528346672654,1.3017544915783219e-05,0.0007674925727769732,5.98276289620614e-11,2.911159572249744e-05,0.00065323815215379,0.9966788291931152,Violin_or_fiddle
cfb9c5fd.wav,Violin_or_fiddle,0.031827669590711594,0.012374283745884895,0.03532114624977112,0.05574805662035942,0.006062050815671682,0.005173039622604847,0.0009224330424331129,0.03531288728117943,0.17034412920475006,0.6469143033027649,Violin_or_fiddle
c6865306.wav,Violin_or_fiddle,0.03381998464465141,0.00011456135689513758,0.04329172149300575,0.007287579122930765,0.00809987261891365,0.007546383887529373,4.176669244770892e-05,0.08758702129125595,0.016496935859322548,0.7957138419151306,Violin_or_fiddle
642aba58.wav,Violin_or_fiddle,0.07613720744848251,2.0225535990903154e-05,0.06029840558767319,0.0008466278086416423,0.014086260460317135,0.008848471567034721,1.9832239672723517e-07,0.01900092326104641,0.14864644408226013,0.6721152067184448,Violin_or_fiddle
848faca3.wav,Violin_or_fiddle,0.004058304242789745,2.491582381480839e-05,0.00033349631121382117,0.00010466677485965192,4.754764086101204e-05,0.00013756654516328126,1.640525283619354e-06,0.06486620008945465,0.056165169924497604,0.8742605447769165,Violin_or_fiddle
7eb9dac0.wav,Violin_or_fiddle,0.005177271086722612,0.0007049417472444475,0.005286605563014746,0.016970528289675713,0.003037887392565608,0.005481013096868992,1.5446807083208114e-05,0.006625555921345949,0.07297402620315552,0.8837270140647888,Violin_or_fiddle
8d7d7dba.wav,Violin_or_fiddle,0.01167444046586752,0.0029802715871483088,0.008685225620865822,0.004633158911019564,0.00018428148177918047,0.006895667873322964,0.00022046671074349433,0.04753876104950905,0.01683138683438301,0.9003562927246094,Violin_or_fiddle
2424ad60.wav,Violin_or_fiddle,0.017276581376791,0.0019472119165584445,0.0030589415691792965,0.0007470843847841024,0.0005357280024327338,0.005277544260025024,2.981101170007605e-05,0.005142168141901493,0.03378734737634659,0.932197630405426,Violin_or_fiddle
ba648ac1.wav,Violin_or_fiddle,0.0034243741538375616,2.4761229724390432e-05,0.00033824305864982307,0.00012790938490070403,0.0001968181604752317,2.6036872441181913e-05,2.2575633806809492e-07,0.003842575941234827,0.0600021667778492,0.9320169687271118,Violin_or_fiddle
2e4a9850.wav,Violin_or_fiddle,0.0016030638944357634,1.3191032266490765e-08,1.4371373254107311e-05,1.8031465742751607e-07,4.9424308201651e-08,2.7318851607560646e-06,6.346262892975574e-08,0.0655551552772522,5.286336090648547e-05,0.9327715039253235,Violin_or_fiddle
2cc8683d.wav,Violin_or_fiddle,0.007233846466988325,0.003317912807688117,0.013185782358050346,0.0023271951358765364,0.016220316290855408,0.00817984901368618,0.0004107538261450827,0.0028209644369781017,0.017765019088983536,0.9285382628440857,Violin_or_fiddle
7b6a119e.wav,Violin_or_fiddle,0.0010756816482171416,0.00020514782227110118,0.00010904166265390813,0.004790939390659332,5.941381004959112e-07,0.005228683818131685,3.982559519499773e-06,0.041234228760004044,0.02304384484887123,0.9243078827857971,Violin_or_fiddle
68589f79.wav,Violin_or_fiddle,0.009611417539417744,0.00402245344594121,0.02126249484717846,0.004250155296176672,0.006177008152008057,0.0018584993667900562,0.00010005520016420633,0.0008526243618689477,0.018305016681551933,0.933560311794281,Violin_or_fiddle
fec00143.wav,Violin_or_fiddle,0.0003030908992514014,2.80077219940722e-05,0.004762360826134682,0.00017991232743952423,0.00010337965068174526,0.017911668866872787,2.6763944333652034e-05,0.012250635772943497,0.022204603999853134,0.9422297477722168,Violin_or_fiddle
1b24c166.wav,Violin_or_fiddle,0.030053460970520973,0.017831800505518913,0.045663632452487946,0.025018882006406784,0.011082025244832039,0.009750396013259888,0.0013708495534956455,0.047204796224832535,0.07756033539772034,0.7344637513160706,Violin_or_fiddle
6eb59008.wav,Violin_or_fiddle,0.0007688592886552215,1.0374840258009499e-06,0.0006537954322993755,0.0011805559042841196,0.00043494629790075123,0.029983563348650932,1.1154646699651494e-06,0.001387710915878415,0.00021854699298273772,0.9653698205947876,Violin_or_fiddle
0e7cd4eb.wav,Violin_or_fiddle,0.066666379570961,0.000954018731135875,0.05495983734726906,0.002905002562329173,0.022562900558114052,0.0036238678731024265,0.00035317722358740866,0.012739823199808598,0.018309662118554115,0.8169253468513489,Violin_or_fiddle
56e79c6f.wav,Violin_or_fiddle,0.004355752840638161,0.0017041654791682959,0.04283842444419861,0.009287575259804726,0.00247708591632545,0.029021194204688072,0.0055671799927949905,0.07798295468091965,0.006447237450629473,0.8203182816505432,Violin_or_fiddle
cdc5fe8e.wav,Violin_or_fiddle,0.009181187488138676,0.0005472897901199758,0.016408681869506836,0.021906984969973564,0.07566070556640625,0.17242036759853363,0.06980668753385544,0.003982997965067625,0.0012443499872460961,0.6288408041000366,Violin_or_fiddle
b38409bb.wav,Violin_or_fiddle,0.0010198878590017557,1.558144901991909e-08,1.5743784388178028e-05,0.00013249371841084212,2.6467213842806814e-07,7.234262011479586e-05,6.574090605226957e-08,0.00011829967115772888,0.004780719522386789,0.993860125541687,Violin_or_fiddle
c8c117dc.wav,Violin_or_fiddle,0.009065108373761177,0.00022540923964697868,0.00526118278503418,0.0001796721771825105,0.000742676027584821,0.0013431267580017447,6.244810037969728e-07,0.09262632578611374,0.06351999938488007,0.8270358443260193,Violin_or_fiddle
b73c3595.wav,Violin_or_fiddle,0.0028803024906665087,3.119965119591228e-10,2.960969823107007e-06,0.0026418783236294985,4.481191353988834e-06,0.0005853396723978221,1.3670258258713375e-09,0.00011265060311416164,0.0013350751250982285,0.9924373626708984,Violin_or_fiddle
d84c8c43.wav,Violin_or_fiddle,0.009784866124391556,0.004888615570962429,0.02076706662774086,0.003053124528378248,0.006458323448896408,0.0013979324139654636,0.00011105989688076079,0.003491436131298542,0.029366187751293182,0.9206811189651489,Violin_or_fiddle
d914225a.wav,Violin_or_fiddle,0.09516407549381256,0.0006066590431146324,0.009543540887534618,0.003590121166780591,0.008835106156766415,0.0010844041826203465,2.2815784177510068e-05,0.05803751200437546,0.05992608144879341,0.7631895542144775,Violin_or_fiddle
1148986e.wav,Violin_or_fiddle,0.09639327228069305,5.150175638846122e-05,0.12018734961748123,0.00037204482941888273,0.056119587272405624,0.0008285173680633307,1.6771240041180135e-07,0.017849434167146683,0.2312823385000229,0.4769158363342285,Violin_or_fiddle
e3f479f3.wav,Violin_or_fiddle,0.006256687920540571,0.00023474589397665113,0.013037413358688354,0.0060920752584934235,0.005225403234362602,0.015076120384037495,2.01456878130557e-05,0.1301489919424057,0.03611840307712555,0.7877900004386902,Violin_or_fiddle
aab28420.wav,Violin_or_fiddle,0.0042031253688037395,0.001158803584985435,0.006997254677116871,0.00017915047646965832,0.000931976770516485,0.0007496803300455213,4.6628185373265296e-05,0.011102674528956413,0.029172383248806,0.945458173751831,Violin_or_fiddle
21346775.wav,Violin_or_fiddle,0.02166360430419445,0.000558196275960654,0.029658980667591095,0.0641912892460823,0.0009131831466220319,0.003659907029941678,3.890061634592712e-06,0.02149411290884018,0.1317892074584961,0.7260676622390747,Violin_or_fiddle
cdeece57.wav,Violin_or_fiddle,0.007530795875936747,0.00043994493898935616,0.0037700822576880455,0.004926497582346201,0.0014682691544294357,0.012694782577455044,4.136809366173111e-06,0.025947144255042076,0.03842821344733238,0.9047902226448059,Violin_or_fiddle
c9fb642d.wav,Violin_or_fiddle,0.10212784260511398,0.00018248267588205636,0.0030582603067159653,0.00023932319891173393,0.0006866534240543842,3.046420169994235e-05,3.2605794331175275e-06,0.04483319818973541,0.11685431003570557,0.7319841980934143,Violin_or_fiddle
078f7ac0.wav,Hi-hat,7.650967859262892e-07,3.6511055441224016e-06,6.174027475935873e-06,5.508829872269416e-07,3.534143644401411e-08,4.44599827460479e-05,0.9956045746803284,2.903118456742959e-07,0.004330145660787821,9.429224519408308e-06,Hi-hat
e897db78.wav,Hi-hat,4.944413740304299e-05,0.000106789157143794,1.0274286978528835e-05,0.0009116327855736017,1.9777370852125387e-08,0.0001301527227042243,0.9225422143936157,7.932785592856817e-07,0.07624799758195877,6.781890533602564e-07,Hi-hat
b31ed1fb.wav,Hi-hat,0.0034204721450805664,1.1903797059176213e-07,0.00016265810700133443,4.4205931772012264e-05,9.234278763869952e-08,0.0040075452998280525,0.8487703204154968,0.032484397292137146,0.05000248923897743,0.061107832938432693,Hi-hat
06c48eab.wav,Hi-hat,0.00891378615051508,0.001737095764838159,0.009395884349942207,0.029659412801265717,0.0004456644819583744,0.0038544205017387867,0.7148424983024597,0.0014853129396215081,0.2222980558872223,0.007367895916104317,Hi-hat
2503aaa1.wav,Hi-hat,2.80573146937968e-07,1.8290835512857484e-08,1.5546133269594975e-08,1.1570545410677369e-07,4.948261418669109e-12,6.764008048776304e-06,0.9999158978462219,4.696784685620514e-07,7.63935677241534e-05,7.994942308187092e-08,Hi-hat
3d3439f1.wav,Hi-hat,6.655074002992478e-07,2.329069985762544e-07,4.122100993875222e-10,0.00010650453623384237,2.336469181293859e-16,1.9894581981816373e-08,0.9827910661697388,6.752259862352616e-11,0.017101554200053215,1.1759912705092135e-12,Hi-hat
34a90030.wav,Hi-hat,3.725975261659187e-07,5.506299203261733e-06,1.6740678177029622e-07,0.0013825534842908382,2.074064254760713e-13,1.846491613832768e-05,0.9983212351799011,4.271241849096441e-08,0.000271592871285975,1.2254020020918688e-07,Hi-hat
da4b0379.wav,Hi-hat,1.8343771444051526e-05,2.9806212751282146e-06,6.684982345461776e-09,0.00038372661219909787,1.762408442925953e-13,5.731192231905879e-07,0.9576980471611023,4.9496623688582986e-08,0.04189632833003998,7.529474821410531e-09,Hi-hat
a090c45a.wav,Hi-hat,0.001713614328764379,3.5761684557655826e-05,7.004214239714202e-07,0.0004261196590960026,3.3933588577950147e-11,3.657192428363487e-05,0.5192462205886841,1.1025906132999808e-05,0.4784516990184784,7.832214032532647e-05,Hi-hat
41897c32.wav,Hi-hat,0.0022733367513865232,2.5851181817415636e-06,6.557880993796061e-08,0.00046100426698103547,2.2036176052300793e-13,0.00015413013170473278,0.9964381456375122,1.8259781597862457e-07,0.0006704293773509562,8.321975286662564e-08,Hi-hat
2032be87.wav,Hi-hat,1.542251197861333e-07,1.0052638721447238e-09,4.003527023788145e-11,4.954040946358873e-07,5.381399250843889e-19,1.1658353571419866e-07,0.9999942183494568,2.060148034388476e-07,4.947113211528631e-06,4.375523832145234e-10,Hi-hat
73677128.wav,Hi-hat,3.5868703562869086e-09,2.6567168465163604e-09,3.5508189721866756e-09,1.9228623671097012e-07,4.90337039363558e-15,1.4179744312059483e-06,0.9999824166297913,1.3846013224849685e-08,1.6040386981330812e-05,1.1934599974949833e-08,Hi-hat
c53a217e.wav,Hi-hat,4.2653292098293605e-07,4.4788322384192725e-07,2.27331315727497e-06,1.6966590919764712e-05,8.337365520194595e-11,0.005089936777949333,0.9945536255836487,5.376287390390644e-06,0.0003254303883295506,5.589662578131538e-06,Hi-hat
f0dfe343.wav,Hi-hat,2.7220290576224215e-05,3.1334950190142763e-09,3.5872760690836003e-06,4.274676541626832e-07,4.3846146331738556e-12,0.00020460177620407194,0.969855785369873,0.029856283217668533,3.545817526173778e-05,1.6675050574121997e-05,Hi-hat
0ed06544.wav,Hi-hat,2.419704287603963e-06,1.5432352995503607e-07,5.434663421510777e-07,3.986453521065414e-06,8.563559583674163e-11,0.0002368406276218593,0.9993445873260498,4.1145694922306575e-06,0.00038443304947577417,2.290118754899595e-05,Hi-hat
99c96a07.wav,Hi-hat,2.0054161723237485e-05,3.110772740910761e-05,7.43270405223484e-08,8.40676818825159e-07,2.508729612937799e-10,2.91607193503296e-06,0.9268379807472229,4.927932195641915e-08,0.07310698181390762,4.522032526210751e-09,Hi-hat
3a3d0279.wav,Hi-hat,0.004670091439038515,2.954706178570632e-05,7.60222008011624e-07,0.0003570279513951391,4.6586619978361554e-11,0.00024191936245188117,0.8871355056762695,9.611795394448563e-05,0.10745492577552795,1.4099743566475809e-05,Hi-hat
612702c3.wav,Hi-hat,6.582603873539483e-06,1.6099920685519464e-06,0.00012550405517686158,9.751018660608679e-05,9.976522363785989e-08,0.004916471429169178,0.9947342872619629,3.7439886000356637e-06,3.8270016375463456e-05,7.603451376780868e-05,Hi-hat
d6854eb4.wav,Hi-hat,0.01509899739176035,0.0010439400793984532,0.003608661238104105,0.0015547045040875673,5.2442599553614855e-05,0.01139090582728386,0.7361030578613281,0.015333249233663082,0.19065344333648682,0.025160444900393486,Hi-hat
52300f9b.wav,Hi-hat,1.926494405779522e-06,9.232761613020557e-07,2.37808899328229e-06,0.0010783083271235228,4.676529830049958e-09,0.001311932341195643,0.9889559745788574,1.0278555606646478e-07,0.007665021810680628,0.000983447185717523,Hi-hat
09a1cfd7.wav,Hi-hat,1.7853517420007847e-05,6.8679015384987e-05,4.894100698038528e-07,0.0014289839891716838,1.8662718939688183e-11,0.0036002930719405413,0.9539394974708557,8.131234062602744e-05,0.04085835441946983,4.563334186968859e-06,Hi-hat
3aafb6ad.wav,Hi-hat,0.0004366239591035992,0.0006432718364521861,0.0003626589896157384,0.039451077580451965,0.000665758503600955,0.07652376592159271,0.7795278429985046,0.012892092578113079,0.08783329278230667,0.001663649920374155,Hi-hat
493c247b.wav,Hi-hat,7.447946700267494e-05,7.380140687018866e-06,6.3379538914887235e-06,1.1365294085408095e-05,2.0556275615035702e-07,0.0005537683609873056,0.9845485687255859,5.675654847436817e-06,0.014743183739483356,4.900489147985354e-05,Hi-hat
5ec7ad26.wav,Hi-hat,0.0003673018072731793,0.004139410797506571,0.0023466208949685097,0.017551857978105545,2.6993122446583584e-05,0.02553798444569111,0.8818804621696472,0.006962460931390524,0.06108840927481651,9.849524940364063e-05,Hi-hat
a1b369d7.wav,Hi-hat,0.0003468058130238205,1.256908399227541e-05,2.2429942418966675e-06,0.0002926170127466321,4.865509037332849e-12,0.006627202033996582,0.9908556938171387,9.896933624986559e-05,0.0017629999201744795,8.714882824278902e-07,Hi-hat
8cd809d3.wav,Hi-hat,0.0023194111417979,0.007061349228024483,0.010262875817716122,0.01373559795320034,0.002674080664291978,0.03604407608509064,0.5767149925231934,0.026113931089639664,0.31720802187919617,0.00786572229117155,Hi-hat
aed9d22f.wav,Hi-hat,1.741617415973451e-05,5.14960038344725e-06,0.00011177972191944718,2.1546095013036393e-05,9.780296750250272e-07,0.0003989050746895373,0.956183910369873,7.298237505892757e-06,0.043247099965810776,5.952796072961064e-06,Hi-hat
a7964699.wav,Hi-hat,0.0005693237180821598,0.0007245563319884241,0.0004272643127478659,0.00583562022075057,1.6296000467264093e-05,0.04164736345410347,0.6600092053413391,0.07283961027860641,0.21706506609916687,0.0008657231228426099,Hi-hat
da3f8050.wav,Hi-hat,2.9489954613381997e-05,1.0887329153774772e-06,8.180138684110716e-05,0.001994567457586527,1.366109725342568e-10,0.0029341066256165504,0.9896820783615112,0.00048005301505327225,0.000694252725224942,0.0041025737300515175,Hi-hat
468f9c4c.wav,Hi-hat,0.012965311296284199,3.7401973713713232e-06,0.014701110310852528,8.249238817370497e-06,0.0006724591366946697,0.022510536015033722,0.925841212272644,0.00030864679138176143,0.020610695704817772,0.002377825789153576,Hi-hat
229be2be.wav,Snare_drum,0.00012432789662852883,2.6446854462847114e-05,2.546834912209306e-05,1.8206636696049827e-06,1.2965792848262936e-05,2.1103720428072847e-05,2.751188731053844e-05,0.00010190302418777719,0.9996563792228699,2.2399133285944117e-06,Snare_drum
b6cbc6a9.wav,Snare_drum,0.0012186032254248857,0.007583627011626959,0.00038996533839963377,0.000483212381368503,9.292991308029741e-06,7.76046872488223e-05,7.428842218359932e-05,0.029248077422380447,0.960910975933075,4.2907872739306185e-06,Snare_drum
ae7d1c37.wav,Snare_drum,0.018656494095921516,2.6875828552874736e-05,0.0006890841759741306,0.0009750189492478967,2.118512747983914e-05,0.0018299957737326622,3.5738648307415133e-07,0.002527376636862755,0.9651424288749695,0.010130968876183033,Snare_drum
82d4fb44.wav,Snare_drum,0.02743016928434372,7.51839138501964e-07,0.0011127697071060538,0.004400523845106363,9.40230893320404e-06,0.0010388677474111319,0.004523374140262604,0.01630578003823757,0.9215071797370911,0.023671232163906097,Snare_drum
4c590f69.wav,Snare_drum,0.017298206686973572,0.00038426031824201345,0.0009238319471478462,0.00516352616250515,2.0709687305497937e-05,0.0005404103430919349,0.00019600172527134418,0.09687215834856033,0.8212661147117615,0.05733475089073181,Snare_drum
1c9a423f.wav,Snare_drum,0.003010105574503541,2.710686120011019e-10,1.4186657608661335e-05,3.0994626285973936e-05,6.934167373628952e-08,2.3987147869775072e-05,4.477143075764037e-14,1.6928109971559024e-06,0.9844945669174194,0.012424396350979805,Snare_drum
f0727eac.wav,Snare_drum,3.220786675228737e-05,1.966128002095502e-05,4.381410235509975e-06,2.4541616312490078e-06,4.814274916498107e-07,3.312256239951239e-06,8.638879080535844e-05,0.003260409226641059,0.9958469867706299,0.0007437057793140411,Snare_drum
31db8c5e.wav,Snare_drum,0.06450597196817398,7.720230314589571e-06,0.0005509120528586209,0.00038884722744114697,0.0009051836095750332,6.583425147255184e-06,0.008950005285441875,0.0006526543875224888,0.8640673160552979,0.059964776039123535,Snare_drum
b86b5a96.wav,Snare_drum,5.650245657307096e-05,9.93364883470349e-05,7.071884465403855e-05,6.423625109164277e-06,0.0001567079161759466,0.0011421239469200373,1.6593810869380832e-05,0.005333026871085167,0.991859495639801,0.0012589908437803388,Snare_drum
6fca680b.wav,Snare_drum,0.006607056595385075,7.480804924853146e-05,0.0017555620288476348,0.0036799723748117685,0.0003585232771001756,0.0005544486339204013,7.368162187049165e-07,0.03484080359339714,0.9328646063804626,0.01926349475979805,Snare_drum
1bc8eae1.wav,Snare_drum,0.0007946035475470126,4.0808085941534955e-06,2.522932163628866e-06,6.95874186931178e-05,0.014838122762739658,1.7716994989314117e-05,0.00075281917816028,0.000440457632066682,0.9812867045402527,0.0017935408977791667,Snare_drum
46b52f97.wav,Snare_drum,0.000284044275758788,8.578784331803035e-07,7.5600487434712704e-06,0.00238242419436574,1.1028204198737512e-06,2.6772229375637835e-06,1.1584415915422142e-05,0.0002942006685771048,0.9970016479492188,1.387637257721508e-05,Snare_drum
0c67f402.wav,Snare_drum,0.003219246631488204,3.8292315984733705e-09,1.290978161705425e-05,4.24862537329318e-06,8.48557760946278e-07,3.290083895990392e-06,5.6766850775602506e-08,0.0003863495076075196,0.9922235012054443,0.004149287473410368,Snare_drum
c8ecbbfd.wav,Snare_drum,3.147401366732083e-05,0.00010465580999152735,6.06627254455816e-05,0.0010718685807660222,0.0013294421369209886,0.0007965124677866697,1.0618095075187739e-05,0.03678923100233078,0.9582114815711975,0.0015941080637276173,Snare_drum
9f84ea5a.wav,Snare_drum,0.14033176004886627,0.00822604913264513,0.07826713472604752,0.008175517432391644,0.08132064342498779,0.002928539179265499,3.917141839338001e-06,0.008360292762517929,0.6646437644958496,0.007742356974631548,Snare_drum
e4958adc.wav,Snare_drum,0.012338527478277683,7.504669338231906e-05,0.0006905692280270159,0.0004196719382889569,3.8188886719581205e-06,0.0015364420833066106,9.602549511100733e-08,0.003027357393875718,0.9767719507217407,0.005136523861438036,Snare_drum
5ce40b1b.wav,Snare_drum,5.9352962125558406e-05,2.8040083634550683e-05,7.687762990826741e-05,2.868635192498914e-06,5.2039595175301656e-05,4.719453500001691e-05,1.0831149666046258e-06,0.0009206688846461475,0.9936922788619995,0.005119765177369118,Snare_drum
9d308738.wav,Snare_drum,0.0028129140846431255,0.0007801477913744748,0.0017531057819724083,0.0006336329970508814,0.00021736783673986793,0.04949397221207619,0.00039297304465435445,0.03406728059053421,0.8972408175468445,0.012607840821146965,Snare_drum
1e3391d5.wav,Snare_drum,0.01004384458065033,1.9641578546725214e-05,7.592416659463197e-05,0.0022667734883725643,1.8537505184212932e-06,0.0005226586945354939,3.102953272104969e-08,0.0016279591945931315,0.976895272731781,0.008546059019863605,Snare_drum
ff3f21e7.wav,Snare_drum,0.027173098176717758,1.204177664249073e-07,0.004241391085088253,0.0002510958584025502,5.2751573093701154e-05,3.471886884653941e-05,3.6262399305542203e-08,0.01245347410440445,0.9440191984176636,0.011773999780416489,Snare_drum
b68f10af.wav,Snare_drum,0.05353822559118271,0.0063885413110256195,0.003776905359700322,0.0019861951004713774,0.0005764393717981875,0.028511464595794678,0.0022407781798392534,0.31908196210861206,0.5765060782432556,0.007393450476229191,Snare_drum
e8e00924.wav,Snare_drum,0.00041885231621563435,1.5426647223648615e-05,2.668077058842755e-06,1.7723928067425732e-06,9.357561793876812e-06,6.245543045224622e-05,0.00018443130829837173,0.047465305775403976,0.9518360495567322,3.634802396845771e-06,Snare_drum
22e1c02c.wav,Snare_drum,0.013125963509082794,0.0006122919148765504,0.028670812025666237,0.0009923793841153383,0.00096916314214468,0.03276519477367401,1.0222986929875333e-05,0.0196003969758749,0.9023618698120117,0.0008916548104025424,Snare_drum
5c33d972.wav,Snare_drum,0.14249677956104279,0.00042159127769991755,0.00334618310444057,0.008677882142364979,0.001568721840158105,0.0011595496907830238,1.2923347640025895e-05,0.0013907772954553366,0.7551636099815369,0.08576197177171707,Snare_drum
9320c55f.wav,Snare_drum,0.0031496731098741293,0.0005115711246617138,0.006827478762716055,0.0003364196454640478,0.002212072955444455,0.00019227903976570815,2.34122035180917e-05,0.006685138680040836,0.9753727912902832,0.004689221270382404,Snare_drum
f1754aea.wav,Snare_drum,0.0006415440584532917,0.0036872972268611193,2.8172410111437785e-06,0.020105289295315742,7.887211381785164e-07,3.0591523682232946e-05,0.11939945816993713,1.4365265087690204e-05,0.8561170101165771,8.445495609521458e-07,Snare_drum
b218444c.wav,Snare_drum,0.03986527770757675,0.0011035270290449262,0.005395355634391308,0.023460278287529945,0.0006652274751104414,0.002036734949797392,3.1104907520784764e-06,0.019757956266403198,0.88027423620224,0.027438316494226456,Snare_drum
36d06cc0.wav,Snare_drum,0.006875514052808285,6.475278269135742e-07,0.0005298464675433934,3.0870414775563404e-05,7.757530511298683e-06,1.0157875294680707e-05,1.0544437323289912e-08,0.00970414001494646,0.9811884164810181,0.0016526248073205352,Snare_drum
4c4d4797.wav,Snare_drum,0.0027097249403595924,2.6793493816512637e-05,6.964668955333764e-06,0.000935411371756345,0.00032167552853934467,2.7304144168738276e-05,0.0006508317892439663,0.009123925119638443,0.9687879681587219,0.01740933209657669,Snare_drum
cae0d841.wav,Snare_drum,0.0017885323613882065,3.0141248430481937e-07,4.936123332299758e-08,0.0003737673396244645,8.245468052336946e-06,1.3444937394524459e-05,2.053194094742139e-07,0.0009103533229790628,0.9968823790550232,2.2781232473789714e-05,Snare_drum
17f82c05.wav,Acoustic_guitar,0.5943445563316345,0.0037952945567667484,0.03664512187242508,0.02244935743510723,0.03151705116033554,0.031859204173088074,8.375936886295676e-05,0.01832321099936962,0.12435492128133774,0.13662752509117126,Acoustic_guitar
0eeaebcb.wav,Acoustic_guitar,0.9312056303024292,2.8533389922813512e-05,0.033385373651981354,0.00021842014393769205,0.00015612065908499062,0.019339544698596,0.002938524354249239,0.00031653669429942966,0.012389080598950386,2.2164622350828722e-05,Acoustic_guitar
e92bf0fa.wav,Acoustic_guitar,0.8951632380485535,2.594489160401281e-05,0.02752625197172165,0.008251052349805832,0.000752478779759258,0.013632670044898987,0.0005628406070172787,0.0448044054210186,0.005578968208283186,0.00370220048353076,Acoustic_guitar
10da16fb.wav,Acoustic_guitar,0.8078024983406067,7.240817012643674e-06,0.002877590013667941,0.001039454946294427,0.0024208207614719868,0.0005503090796992183,3.2950151052091314e-08,0.08377323299646378,0.03422658517956734,0.0673021525144577,Acoustic_guitar
a25423a8.wav,Acoustic_guitar,0.3769475221633911,0.031422365456819534,0.16119970381259918,0.029130922630429268,0.2979975640773773,0.009972481988370419,3.7365629395935684e-05,0.02862059883773327,0.01564127393066883,0.04903043806552887,Acoustic_guitar
16c9a838.wav,Acoustic_guitar,0.8492287397384644,5.214445263845846e-05,0.007377187255769968,0.00934478361159563,0.004758092109113932,0.011414892040193081,7.554153746980319e-09,0.09595812857151031,0.004085157066583633,0.017780879512429237,Acoustic_guitar
70ca9c77.wav,Acoustic_guitar,0.7293449640274048,0.0048476168885827065,0.05385884270071983,0.0378233827650547,0.07598070055246353,0.01442609541118145,1.321176841884153e-05,0.020937226712703705,0.04532047361135483,0.01744747906923294,Acoustic_guitar
38216fad.wav,Acoustic_guitar,0.8645297884941101,0.0015013102674856782,0.006291461642831564,0.030076835304498672,0.0055382223799824715,0.010710662230849266,2.722201134019997e-05,0.015956107527017593,0.022327255457639694,0.04304112121462822,Acoustic_guitar
d8a257e5.wav,Acoustic_guitar,0.7800958752632141,0.008164815604686737,0.03788629546761513,0.006775790359824896,0.012958778999745846,0.055761709809303284,0.00016202351253014058,0.036343224346637726,0.0350593738257885,0.026792122051119804,Acoustic_guitar
7506dcc4.wav,Acoustic_guitar,0.8931685090065002,1.6883271169998437e-10,2.7424835025158245e-07,0.0712360069155693,0.0018876750255003572,2.65595008386299e-05,6.96332477356093e-13,0.021513083949685097,0.0008645116467960179,0.011303437873721123,Acoustic_guitar
a6728901.wav,Acoustic_guitar,0.4116515517234802,0.0003239986253902316,0.030655637383461,0.0051130871288478374,0.005218167789280415,0.27982097864151,0.028307948261499405,0.06729527562856674,0.0011280204635113478,0.17048528790473938,Acoustic_guitar
b88322f6.wav,Acoustic_guitar,0.8842171430587769,9.523722110316157e-05,0.007173000834882259,9.415834028914105e-06,0.002024971880018711,0.0016234577633440495,1.7158706455688844e-08,0.09631868451833725,0.0013843898195773363,0.0071534826420247555,Acoustic_guitar
35039ae1.wav,Acoustic_guitar,0.8868904113769531,0.005294120870530605,0.06313994526863098,8.101970161078498e-05,0.000680027122143656,0.027417361736297607,0.0022200453095138073,0.007288599852472544,0.00031901212059892714,0.006669401191174984,Acoustic_guitar
236cbab1.wav,Acoustic_guitar,0.7300975322723389,0.0025346192996948957,0.01828981377184391,0.009147809818387032,0.027591651305556297,0.042767610400915146,0.00043154528248123825,0.01547285821288824,0.15341006219387054,0.00025660378742031753,Acoustic_guitar
0356dec7.wav,Acoustic_guitar,0.3293071389198303,0.0016349314246326685,0.009861414320766926,0.005912021733820438,0.0061262017115950584,0.0059823887422680855,0.000136482049128972,0.12433341890573502,0.015482492744922638,0.501223623752594,Violin_or_fiddle
bb1f5874.wav,Acoustic_guitar,0.6918976306915283,3.9219277823576704e-05,0.051381874829530716,0.002622447442263365,0.011717633344233036,0.022421812638640404,0.0017067926237359643,0.07576978206634521,0.028470298275351524,0.11397237330675125,Acoustic_guitar
34747922.wav,Acoustic_guitar,0.8418923616409302,8.474077185383067e-05,0.007837001234292984,0.0007138576474972069,0.03688358515501022,0.03825046122074127,0.0005756603204645216,0.029404165223240852,0.003029033774510026,0.04132910445332527,Acoustic_guitar
44fb3eeb.wav,Acoustic_guitar,0.9270007014274597,4.641203865674015e-09,0.0001562362303957343,0.001533048925921321,0.009263892658054829,0.00035544479032978415,5.089301809840796e-12,0.05754907801747322,7.97593456809409e-05,0.004061876330524683,Acoustic_guitar
367ad7b1.wav,Acoustic_guitar,0.7371945977210999,8.236219883883678e-08,0.002848962787538767,0.055174753069877625,0.032027456909418106,0.01148386299610138,2.1231741365035361e-10,0.01921050436794758,0.08286017924547195,0.059199605137109756,Acoustic_guitar
160c92d7.wav,Acoustic_guitar,0.8930381536483765,6.291672889346955e-06,0.010086136870086193,0.0020991337951272726,0.0008947417954914272,0.009321067482233047,2.7753287668019766e-07,0.023086082190275192,0.0435015931725502,0.01796654798090458,Acoustic_guitar
2016d256.wav,Acoustic_guitar,0.7972912788391113,1.7234115881354511e-13,7.081335073877426e-09,0.14843106269836426,0.0003796256787609309,5.6032509746728465e-05,2.8211433501248127e-14,0.009123360738158226,8.024523594940547e-06,0.044710565358400345,Acoustic_guitar
fc55d588.wav,Acoustic_guitar,0.6522729992866516,9.290136949857697e-05,0.057216398417949677,0.007224913686513901,0.00816403515636921,0.026622476056218147,1.5704399629612453e-05,0.12667347490787506,0.0554177351295948,0.0662994459271431,Acoustic_guitar
c7846d27.wav,Acoustic_guitar,0.9457963109016418,0.00029322263435460627,0.0008375791949220002,4.963963510817848e-05,0.00022860814351588488,0.013454357162117958,5.914426947128959e-05,0.00011731199629139155,8.898937812773511e-05,0.03907471522688866,Acoustic_guitar
55822aae.wav,Acoustic_guitar,0.8534151315689087,0.0004678281839005649,0.0055596898309886456,0.0005370022263377905,0.019378013908863068,0.03649961203336716,0.053077541291713715,0.012477057985961437,0.0176860224455595,0.0009021376026794314,Acoustic_guitar
9923ddf8.wav,Acoustic_guitar,0.9939576983451843,1.7908696747781505e-09,6.3023513519056e-08,0.00027923108427785337,1.3569674592872616e-05,0.0034308452159166336,1.0613043741614092e-06,4.1175033402396366e-05,3.59074448397223e-07,0.0022760170977562666,Acoustic_guitar
32dee61b.wav,Acoustic_guitar,0.5859477519989014,0.011639640666544437,0.04774922877550125,0.018783051520586014,0.01646340638399124,0.004875387996435165,0.0003013065143022686,0.09167881309986115,0.012934358790516853,0.20962710678577423,Acoustic_guitar
fa4d4a92.wav,Acoustic_guitar,0.5958260893821716,0.004595773760229349,0.06532369554042816,0.019232187420129776,0.20329917967319489,0.021939706057310104,5.681533366441727e-06,0.007622100412845612,0.021431049332022667,0.06072447821497917,Acoustic_guitar
8da75280.wav,Acoustic_guitar,0.6047693490982056,0.0012348335003480315,0.144709974527359,0.014246172271668911,0.17082154750823975,0.0018178126774728298,1.925574224515003e-06,0.012176989577710629,0.029600711539387703,0.02062063105404377,Acoustic_guitar
b2261238.wav,Acoustic_guitar,0.724062979221344,0.000645446649286896,0.010295271873474121,0.001109145232476294,0.0016021884512156248,0.01467873714864254,0.011439159512519836,0.0034474036656320095,0.22004243731498718,0.012677249498665333,Acoustic_guitar
673defaf.wav,Acoustic_guitar,0.9229689240455627,1.9498156689223833e-06,8.710405381862074e-05,0.00017337597091682255,0.0002165837649954483,0.00018051968072541058,0.0014041876420378685,0.058021180331707,0.005160388071089983,0.011785759590566158,Acoustic_guitar
e6597186.wav,Double_bass,0.3682917356491089,0.010006248019635677,0.14956757426261902,0.012832211330533028,0.2946232855319977,0.0016936211613938212,6.771988864784362e-06,0.0029720389284193516,0.11048145592212677,0.049525100737810135,Acoustic_guitar
fcfafbc8.wav,Double_bass,0.058886636048555374,0.003784728469327092,0.1857542097568512,0.015571195632219315,0.5168662667274475,0.002878523198887706,4.780322797159897e-06,0.011240093037486076,0.1780565083026886,0.026957016438245773,Double_bass
444f9db5.wav,Double_bass,0.003726667258888483,3.7459014947671676e-06,0.00028760108398273587,0.00023530071484856308,0.6956407427787781,0.013203302398324013,2.0644455034357634e-08,0.267363578081131,7.342374010477215e-05,0.019465530291199684,Double_bass
19893aa8.wav,Double_bass,0.09667366743087769,0.004470835905522108,0.04669596627354622,0.01096996758133173,0.6928747892379761,0.00898075569421053,2.459422466927208e-05,0.005162089131772518,0.013056955300271511,0.12109044939279556,Double_bass
f042282c.wav,Double_bass,0.07018667459487915,0.005477443803101778,0.12601754069328308,0.09440992027521133,0.6269655823707581,0.02003522589802742,2.1667014152626507e-05,0.03381875902414322,0.009804799221456051,0.013262388296425343,Double_bass
95e1d0ae.wav,Double_bass,0.1245407909154892,0.021009249612689018,0.22644300758838654,0.0055776978842914104,0.39667579531669617,0.031260691583156586,3.760785693884827e-05,0.005237841513007879,0.13353943824768066,0.055677857249975204,Double_bass
595c191d.wav,Double_bass,0.01560718473047018,0.00018254578753840178,0.023627139627933502,0.0001814493298297748,0.660797655582428,0.022696081548929214,2.256158950331155e-06,0.20442508161067963,0.03695610538125038,0.03552449122071266,Double_bass
8073923c.wav,Double_bass,0.5419604778289795,0.0006402258295565844,0.1325346827507019,0.014059082604944706,0.27159130573272705,0.0015285250265151262,4.05446371587459e-07,0.0035922646056860685,0.010897202417254448,0.023195786401629448,Acoustic_guitar
6efbaf90.wav,Double_bass,0.08411121368408203,0.03319690376520157,0.1057618111371994,0.016606930643320084,0.38821548223495483,0.002733169822022319,6.769540050299838e-05,0.007154828403145075,0.15069541335105896,0.2114565372467041,Double_bass
642ad7e4.wav,Double_bass,0.27494704723358154,0.008648398332297802,0.07823621481657028,0.002064704429358244,0.39674675464630127,0.005611826200038195,1.6364587054340518e-06,0.0982859805226326,0.07566237449645996,0.05979502946138382,Double_bass
5eadbc6d.wav,Double_bass,0.06682717055082321,0.005309753585606813,0.046103913336992264,0.022850334644317627,0.7369901537895203,0.06859833002090454,7.104459655238315e-05,0.006580514833331108,0.01939007081091404,0.027278654277324677,Double_bass
1a7d3f2d.wav,Double_bass,0.43815088272094727,0.0069653126411139965,0.12808619439601898,0.05910395085811615,0.2892991304397583,0.001771591603755951,4.891154821962118e-05,0.002203961368650198,0.04196246713399887,0.032407671213150024,Acoustic_guitar
13da16ae.wav,Double_bass,0.08085118979215622,0.00025710996123962104,0.006231373641639948,0.0002980977587867528,0.8507791757583618,0.03375668451189995,1.8085382180288434e-05,0.008073334582149982,0.0006492484244517982,0.019085578620433807,Double_bass
103f29e5.wav,Double_bass,0.005345658399164677,4.2374363147246186e-06,0.004224721807986498,4.105797052034177e-05,0.9511622190475464,0.008676291443407536,4.988624180413126e-09,0.029929637908935547,8.43704128783429e-06,0.0006077493308112025,Double_bass
da8ea649.wav,Double_bass,0.1487487256526947,0.011323565617203712,0.14184336364269257,0.017413314431905746,0.6262916922569275,0.004746181424707174,1.3900709916470078e-07,0.006245672237128019,0.02225065790116787,0.021136607974767685,Double_bass
ca348cbb.wav,Double_bass,0.2741231620311737,0.00437822425737977,0.19404439628124237,0.002674646209925413,0.4732692539691925,0.00509911123663187,9.014246984406782e-07,0.0074265748262405396,0.016747716814279556,0.022236039862036705,Double_bass
8ce2e863.wav,Double_bass,0.0010484260274097323,0.0058850790373981,0.07252952456474304,0.014956869184970856,0.8315476179122925,0.04928474873304367,1.0508379091334064e-06,0.01824568212032318,0.002012426033616066,0.004488606005907059,Double_bass
462b676f.wav,Double_bass,0.03531516343355179,0.0038805000949651003,0.008983215317130089,7.738314161542803e-05,0.8584056496620178,0.020998582243919373,0.00019986467668786645,0.024569734930992126,0.02543884702026844,0.022131023928523064,Double_bass
b428466c.wav,Double_bass,0.3220627009868622,0.0047965445555746555,0.1737702488899231,0.006377886980772018,0.39242324233055115,0.021453499794006348,2.598247920104768e-05,0.015377894975244999,0.008926396258175373,0.054785653948783875,Double_bass
4fd883bb.wav,Double_bass,0.2750781774520874,0.0046439687721431255,0.15649443864822388,0.1315726339817047,0.3697875738143921,0.002673126757144928,1.7585906562089804e-06,0.0018821668345481157,0.010821627452969551,0.047044537961483,Double_bass
2ac8b94f.wav,Double_bass,0.0003429742355365306,0.00019385093764867634,0.06227684020996094,0.005902263801544905,0.5977175235748291,0.24227268993854523,0.0012558450689539313,0.010978895239531994,0.058438654989004135,0.020620446652173996,Double_bass
c840804f.wav,Double_bass,0.11934436112642288,0.002981770085170865,0.2403896003961563,0.003788088681176305,0.5192516446113586,0.0070983245968818665,1.750525007082615e-05,0.010452562011778355,0.01032782532274723,0.08634831756353378,Double_bass
f63f3703.wav,Double_bass,0.17114591598510742,0.022094378247857094,0.21439200639724731,0.002890646457672119,0.4551042914390564,0.007297444622963667,8.134031304507516e-06,0.0033277063630521297,0.06029215827584267,0.06344743072986603,Double_bass
c0ddf010.wav,Double_bass,0.05959240719676018,0.01290536392480135,0.011432915925979614,0.0021874585654586554,0.7464001774787903,0.05923852697014809,8.352368604391813e-05,0.004753649700433016,0.06966707110404968,0.03373890742659569,Double_bass
a0cbe92e.wav,Double_bass,0.04953032359480858,0.017770063132047653,0.06415553390979767,0.018437093123793602,0.7702245116233826,0.0403556190431118,0.00043876603012904525,0.0077889226377010345,0.010358395986258984,0.020940763875842094,Double_bass
4fb480bf.wav,Double_bass,0.3545057475566864,0.12742601335048676,0.15947142243385315,0.01909230276942253,0.2206503003835678,0.01038170326501131,0.00033600610913708806,0.011851172894239426,0.05243757739663124,0.04384778439998627,Acoustic_guitar
9dd0141c.wav,Double_bass,0.0700162947177887,8.13960923551349e-06,0.003578547388315201,0.00047085716505534947,0.7677120566368103,0.0479656457901001,1.1733562388371865e-07,0.07503004372119904,4.2737810872495174e-05,0.03517560660839081,Double_bass
deb87700.wav,Double_bass,0.0689501166343689,0.0033275627065449953,0.13931815326213837,0.022663069888949394,0.6137864589691162,0.08672928065061569,0.00012446737673599273,0.044694095849990845,0.001016611116938293,0.01939018815755844,Double_bass
e0ecd1a6.wav,Double_bass,0.2089531123638153,0.0037071858532726765,0.15141157805919647,0.02706434205174446,0.2928427755832672,0.04084455594420433,7.321596967813093e-06,0.009996844455599785,0.1629447191953659,0.10222756862640381,Double_bass
0286fc27.wav,Double_bass,0.12553517520427704,0.004527671728283167,0.041654836386442184,0.009886183775961399,0.7835156917572021,0.011201789602637291,0.00033049320336431265,0.010371617041528225,0.0024299086071550846,0.010546602308750153,Double_bass
e2d993ec.wav,Cello,0.059685442596673965,0.002293642144650221,0.6870689988136292,0.0058861589059233665,0.017740972340106964,0.07743734866380692,0.0003275612834841013,0.007989977486431599,0.04293988645076752,0.09863006323575974,Cello
0091fc7f.wav,Cello,0.04279576241970062,0.0026040372904390097,0.5832420587539673,0.037847187370061874,0.025570180267095566,0.19011817872524261,0.00013864648644812405,0.026661207899451256,0.04220052808523178,0.048822272568941116,Cello
e55c5160.wav,Cello,0.05971591919660568,0.010478691197931767,0.5342624187469482,0.04341258481144905,0.03457384184002876,0.17894388735294342,0.0018851582426577806,0.09102588891983032,0.02597101964056492,0.019730649888515472,Cello
a59b5a08.wav,Cello,0.10159552842378616,0.02410108409821987,0.6596073508262634,0.005388220772147179,0.10229455679655075,0.013589001260697842,0.001026485930196941,0.0019647120498120785,0.03143345192074776,0.0589996874332428,Cello
88500b88.wav,Cello,0.018320972099900246,0.0008646455244161189,0.5588972568511963,0.0032974116038531065,0.015918483957648277,0.24912075698375702,7.897966133896261e-05,0.06647564470767975,0.029923049733042717,0.05710295960307121,Cello
743ae0f9.wav,Cello,0.09615840017795563,0.02050585299730301,0.6631453037261963,0.014054146595299244,0.12160766124725342,0.01612246409058571,0.0011480279499664903,0.017577234655618668,0.015581884421408176,0.03409893438220024,Cello
9e3bc1b6.wav,Cello,0.05404762178659439,0.00011801444634329528,0.7948103547096252,0.004443660378456116,0.027912171557545662,0.05918090417981148,2.2421527035021427e-07,0.018390413373708725,0.02121823839843273,0.019878514111042023,Cello
3e2bddda.wav,Cello,0.03789359703660011,0.0007912022992968559,0.5473775267601013,0.011790522374212742,0.013248216360807419,0.002158196410164237,0.00033834989881142974,0.31679946184158325,0.03957321494817734,0.03002973087131977,Cello
d328db67.wav,Cello,0.06917133182287216,6.836180091340793e-06,0.8257911205291748,9.450159268453717e-05,0.002679999452084303,0.0034044061321765184,7.154110903684341e-07,0.006001743488013744,0.09253408759832382,0.0003152894787490368,Cello
7d896090.wav,Cello,0.041129037737846375,0.011470875702798367,0.36531341075897217,0.02233976311981678,0.0472017265856266,0.19954752922058105,0.00012030200741719455,0.20316219329833984,0.040593985468149185,0.06912115216255188,Cello
4bff8f32.wav,Cello,0.0820595771074295,0.014357233420014381,0.6613742113113403,0.017185531556606293,0.12418319284915924,0.06346260756254196,6.703371764160693e-05,0.012744524516165257,0.008834950625896454,0.015731124207377434,Cello
5e5bca7a.wav,Cello,0.049073267728090286,0.016657397150993347,0.7794355750083923,0.011157864704728127,0.03551173210144043,0.014406319707632065,0.0002634980482980609,0.02475481480360031,0.02094023860991001,0.04779909923672676,Cello
811bf309.wav,Cello,0.023432442918419838,0.0011737523600459099,0.8676495552062988,0.0007170600583776832,0.009539632126688957,0.019005322828888893,3.1984363886294886e-05,0.00163016386795789,0.05406123027205467,0.022758904844522476,Cello
5689818f.wav,Cello,0.03580256924033165,0.010326428338885307,0.7696993947029114,0.0020916019566357136,0.030907660722732544,0.009497341699898243,0.00015703980170655996,0.08296830207109451,0.031629253178834915,0.026920504868030548,Cello
81d9f077.wav,Cello,0.0787503719329834,0.003512545255944133,0.5605604648590088,0.016100402921438217,0.14290361106395721,0.08598720282316208,7.855933654354885e-05,0.04490527883172035,0.02445346489548683,0.0427483394742012,Cello
00353774.wav,Cello,0.011438131332397461,0.004308351315557957,0.7900145053863525,0.00022792143863625824,0.0025234674103558064,0.03921400383114815,1.1611107765929773e-05,0.13473747670650482,0.00015762039402034134,0.017366979271173477,Cello
6a210ffa.wav,Cello,0.13811326026916504,0.00369678414426744,0.5717572569847107,0.02931513637304306,0.15650412440299988,0.02338038943707943,1.987950236070901e-05,0.00886139553040266,0.02983837015926838,0.03851336985826492,Cello
e97d9707.wav,Cello,0.026158368214964867,0.0048845866695046425,0.6411505341529846,0.004631503019481897,0.03311800956726074,0.18813171982765198,0.0004799810703843832,0.01633531041443348,0.0684238076210022,0.01668611913919449,Cello
238b16a5.wav,Cello,0.3718342185020447,0.0018221073551103473,0.21262195706367493,0.04291952773928642,0.2363661378622055,0.04471612349152565,1.382609525535372e-06,0.014530131593346596,0.014687116257846355,0.06050129979848862,Acoustic_guitar
dc5be9d7.wav,Cello,0.04605871066451073,0.005587165709584951,0.5767225027084351,0.010903244838118553,0.012008043006062508,0.294636994600296,2.9097158403601497e-05,0.015305721201002598,0.03108183853328228,0.007666568271815777,Cello
f9653de8.wav,Cello,0.10491333901882172,0.05893591791391373,0.5805873274803162,0.009562665596604347,0.11762735247612,0.03386782854795456,0.0008457724470645189,0.01438044011592865,0.026541387662291527,0.05273805186152458,Cello
31dbc5c0.wav,Cello,0.062486693263053894,0.009263449348509312,0.6710558533668518,0.012918742373585701,0.01627168245613575,0.10635733604431152,8.583857561461627e-05,0.0799369364976883,0.01112225279211998,0.030501239001750946,Cello
cbc8d551.wav,Cello,0.08395598083734512,0.010046162642538548,0.4991154372692108,0.008230081759393215,0.04376835376024246,0.02412794902920723,0.00031524687074124813,0.06160484626889229,0.06499674171209335,0.20383915305137634,Cello
195f544d.wav,Cello,0.039798758924007416,0.006202923133969307,0.6479654312133789,0.022934718057513237,0.005932840518653393,0.06791128218173981,0.0005380448419600725,0.10187016427516937,0.03732161223888397,0.06952421367168427,Cello
22bea889.wav,Cello,0.4527203142642975,0.014877328649163246,0.20002734661102295,0.06522080302238464,0.09529908746480942,0.02085031569004059,0.00022970180725678802,0.020759711042046547,0.07035627216100693,0.05965910851955414,Acoustic_guitar
ab8e8ae3.wav,Cello,0.019282354041934013,0.004985046107321978,0.8014194965362549,0.008505759760737419,0.015497171320021152,0.07122065126895905,0.0005230908282101154,0.01818055473268032,0.0030858698301017284,0.05730007588863373,Cello
e70c41d4.wav,Cello,0.01870832033455372,5.109854828333482e-05,0.6875382661819458,0.02804218791425228,9.275117190554738e-05,0.08462712168693542,1.225111390112943e-07,0.17512880265712738,0.00029907742282375693,0.005512290168553591,Cello
125e6ccf.wav,Cello,0.012441624887287617,7.152426064749307e-07,0.9326236844062805,8.741165947867557e-05,0.005867225117981434,0.0009881457081064582,2.0105714426676968e-08,0.00047281882143579423,0.04742293432354927,9.547391528030857e-05,Cello
2da9e12a.wav,Cello,0.0666445717215538,0.020175021141767502,0.6996904611587524,0.012620138004422188,0.10087842494249344,0.02588295191526413,0.0005646977806463838,0.011378128081560135,0.020686443895101547,0.04147912934422493,Cello
34e4d187.wav,Cello,0.16728264093399048,0.006509424187242985,0.4836463928222656,0.015718258917331696,0.11160324513912201,0.02796643227338791,0.00011515429650899023,0.1455005258321762,0.012241009622812271,0.029416875913739204,Cello
52e54bdd.wav,Bass_drum,0.16553084552288055,0.12422668933868408,0.23899699747562408,0.036001380532979965,0.1324634999036789,0.0414581261575222,0.0010107277194038033,0.055772725492715836,0.0953083485364914,0.1092306524515152,Cello
6d21ad67.wav,Bass_drum,0.030320001766085625,0.5097895264625549,0.1335260421037674,0.0015728482976555824,0.008263072930276394,0.06855739653110504,0.0005685529904440045,0.0954296663403511,0.10750718414783478,0.04446570202708244,Bass_drum
ca3f3698.wav,Bass_drum,0.10286501049995422,0.845380961894989,0.010191526263952255,0.0034888286609202623,0.004932090640068054,0.0026506884023547173,2.5144117898889817e-06,0.004337784834206104,0.019171057268977165,0.006979548372328281,Bass_drum
aa9ae956.wav,Bass_drum,0.052205510437488556,0.5700759291648865,0.022314097732305527,0.0024519285652786493,0.08750475943088531,0.005347779020667076,0.00017416778428014368,0.10704366117715836,0.11028017103672028,0.04260193556547165,Bass_drum
0ddb4bdf.wav,Bass_drum,0.05709190294146538,0.5174657702445984,0.02111516334116459,0.0033291522413492203,0.1607641875743866,0.004136237315833569,0.000224637144128792,0.14377181231975555,0.07207439839839935,0.020026709884405136,Bass_drum
921eee9d.wav,Bass_drum,0.012319282628595829,0.6459113955497742,0.020590923726558685,0.01951463706791401,0.00045935469097457826,0.01936451531946659,2.7072017019236227e-06,0.25239667296409607,0.008165020495653152,0.021275421604514122,Bass_drum
c153f347.wav,Bass_drum,0.07531839609146118,0.7987033724784851,0.022810200229287148,0.002855923492461443,0.05616004392504692,0.005822897423058748,2.6571029593469575e-05,0.003458880353718996,0.013989308848977089,0.020854391157627106,Bass_drum
63e0ab2c.wav,Bass_drum,0.029602959752082825,0.5326738953590393,0.015639785677194595,0.0011593265226110816,0.14978007972240448,0.0025983015075325966,6.943089829292148e-05,0.14552336931228638,0.06949777901172638,0.05345506966114044,Bass_drum
88780eac.wav,Bass_drum,0.07171805948019028,0.6647802591323853,0.03785957023501396,0.022427724674344063,0.02254059724509716,0.011276119388639927,0.001538330689072609,0.015682322904467583,0.1239156574010849,0.028261536732316017,Bass_drum
bea51ca5.wav,Bass_drum,0.1645180583000183,0.5346429347991943,0.006025523878633976,0.0037970778066664934,0.0028747273609042168,0.07069243490695953,6.360255611070897e-07,0.17952820658683777,0.02061655931174755,0.01730385050177574,Bass_drum
f26131d8.wav,Bass_drum,0.0006199103663675487,0.8143760561943054,0.0001973818289116025,1.582073309691623e-05,2.7089743525721133e-05,0.0018847538158297539,7.493823432014324e-06,0.15743224322795868,0.02010166458785534,0.0053376127034425735,Bass_drum
ce75b5ce.wav,Bass_drum,0.00045511708594858646,0.48441213369369507,0.00017145906167570502,1.4373351405083667e-05,5.206797140999697e-05,7.279269630089402e-05,0.00018173237913288176,0.03719562664628029,0.4760582149028778,0.0013864826178178191,Bass_drum
565f3ee2.wav,Bass_drum,0.13684101402759552,0.4313066601753235,0.09031593799591064,0.01582358218729496,0.0479654036462307,0.04752686992287636,0.0010394536657258868,0.10246460139751434,0.10633961111307144,0.020376892760396004,Bass_drum
ff11628d.wav,Bass_drum,0.07620010524988174,0.5760810375213623,0.017811406403779984,0.005316383671015501,0.06381931155920029,0.001905167824588716,0.00037508568493649364,0.14550931751728058,0.06632891297340393,0.04665328934788704,Bass_drum
cdfc8967.wav,Bass_drum,0.17849677801132202,0.377756804227829,0.1999882459640503,0.021776515990495682,0.13988670706748962,0.009485902264714241,0.0003799332189373672,0.005096324719488621,0.026072299107909203,0.041060466319322586,Bass_drum
f8a99b37.wav,Bass_drum,0.05247802287340164,0.5609795451164246,0.014069599099457264,0.002246696036309004,0.06726110726594925,0.0015865478198975325,3.476312122074887e-05,0.13510248064994812,0.0669684186577797,0.09927277266979218,Bass_drum
809ea09e.wav,Bass_drum,0.03292698413133621,0.5960289835929871,0.007227384950965643,0.0020576510578393936,0.08127401769161224,0.0017610413488000631,9.527603106107563e-05,0.18405717611312866,0.03330913558602333,0.06126231700181961,Bass_drum
03fc1f96.wav,Bass_drum,0.2733398675918579,0.09172537177801132,0.1748039424419403,0.05285210534930229,0.061148084700107574,0.2057942897081375,0.00037656453787349164,0.1215372309088707,0.009026533924043179,0.009396011009812355,Acoustic_guitar
8b6a16de.wav,Bass_drum,0.042605821043252945,0.8777631521224976,0.01747223362326622,0.000863150751683861,0.029092365875840187,0.002370307920500636,8.965883353084791e-06,0.002887342358008027,0.016605952754616737,0.010330633260309696,Bass_drum
7dda9dc2.wav,Bass_drum,0.017673222348093987,0.463703989982605,0.0001488840498495847,9.51971742324531e-06,0.001813538372516632,0.005922781303524971,0.001241199905052781,0.0005605015903711319,0.5088831782341003,4.315712067182176e-05,Snare_drum
3a9085ca.wav,Bass_drum,0.0006577951135113835,0.4688836634159088,0.00020125617447774857,3.490673043415882e-05,5.252196569927037e-05,0.0020410947035998106,0.0008742444333620369,0.04339403659105301,0.4826762080192566,0.0011842299718409777,Snare_drum
4ba2b70e.wav,Bass_drum,0.00011579902638914064,0.5612934827804565,0.00024137661966960877,2.136286457243841e-05,3.847331754514016e-05,0.0003792886855080724,2.333287375222426e-05,0.017820045351982117,0.41990458965301514,0.00016225808940362185,Bass_drum
01c2f88b.wav,Bass_drum,0.059372495859861374,0.5976901054382324,0.042606472969055176,0.006180876400321722,0.07159898430109024,0.003857505740597844,0.00011839283251902089,0.0029923415277153254,0.06816136837005615,0.14742140471935272,Bass_drum
ce3f3400.wav,Bass_drum,0.11275479942560196,0.056389953941106796,0.07430583238601685,0.02469010278582573,0.011185890063643456,0.031197084113955498,0.0005213117692619562,0.3910215198993683,0.20286962389945984,0.09506384283304214,Saxophone
6a96272b.wav,Bass_drum,0.03694351017475128,0.755786657333374,0.002861965913325548,0.0010023947106674314,0.01819087564945221,0.017912838608026505,2.4118689907481894e-06,0.11866257339715958,0.015400710515677929,0.03323611244559288,Bass_drum
9adffd44.wav,Bass_drum,0.1011158674955368,0.751031219959259,0.03419354557991028,0.0029744578059762716,0.06688247621059418,0.0033983909524977207,5.8109264500672e-05,0.00439113425090909,0.015835167840123177,0.02011968195438385,Bass_drum
7d11b3b4.wav,Bass_drum,0.07801688462495804,0.8727757334709167,0.01292051188647747,0.0005230557871982455,0.0050143711268901825,0.0004054481687489897,1.249800220648467e-06,0.003238782286643982,0.022774875164031982,0.004329028073698282,Bass_drum
bab98261.wav,Bass_drum,0.008111536502838135,0.930801510810852,0.0018039672868326306,0.00039600266609340906,0.0019186714198440313,0.0007047105464152992,3.2472667044203263e-06,0.0018336038338020444,0.05353540554642677,0.000891342293471098,Bass_drum
c11bacda.wav,Bass_drum,0.12124388664960861,0.608068585395813,0.08643437176942825,0.02484847418963909,0.0532565638422966,0.017058199271559715,0.002706036204472184,0.021707329899072647,0.03703964501619339,0.027636898681521416,Bass_drum
9a4bfb69.wav,Bass_drum,0.11925803124904633,0.460077702999115,0.11309991031885147,0.01360979676246643,0.13606585562229156,0.0468323677778244,0.00041230343049392104,0.01886735111474991,0.010415950790047646,0.08136069774627686,Bass_drum
18865530.wav,Flute,0.01186051219701767,7.095376349752769e-05,0.0005971954669803381,0.00023491708270739764,0.047038961201906204,0.9134232997894287,1.0839333299372811e-05,0.0003329504106659442,0.00045225259964354336,0.025978045538067818,Flute
9f6eac9c.wav,Flute,0.0015900767175480723,0.005037907510995865,0.030475018545985222,0.014495558105409145,0.0006269215955398977,0.8986413478851318,0.0007935917237773538,0.03837960213422775,0.00239941687323153,0.0075606247410178185,Flute
07db7f16.wav,Flute,0.018391385674476624,0.0044875056482851505,0.012984695844352245,0.024379050359129906,0.010339136235415936,0.9179241061210632,5.057738599134609e-05,0.0015075948322191834,0.0013820705935359001,0.008553962223231792,Flute
dc6676ff.wav,Flute,0.002560894936323166,0.0016118086641654372,0.0019195490749552846,0.0053674448281526566,0.011379314586520195,0.8897587656974792,3.952108454541303e-05,0.022238068282604218,0.0014011295279487967,0.06372354179620743,Flute
3eaddda8.wav,Flute,0.06747078895568848,0.0017224692273885012,0.07350365072488785,0.013617661781609058,0.003915030974894762,0.6959211230278015,0.0007364829652942717,0.10337241739034653,0.025998122990131378,0.013742216862738132,Flute
1b93aeba.wav,Flute,0.00033520071883685887,6.504325256173615e-07,0.0013607824221253395,1.971136953216046e-05,1.910636456159409e-05,0.9811514616012573,5.936832963016059e-07,0.0001717403210932389,0.010259416885674,0.006681282073259354,Flute
c683f28f.wav,Flute,0.02649666741490364,5.021312608732842e-05,0.08210345357656479,0.0045573776587843895,0.0009210424032062292,0.877311110496521,2.21125947064138e-06,0.005123726092278957,8.752296707825735e-05,0.0033465372398495674,Flute
55d52a69.wav,Flute,0.005649320315569639,0.006847354583442211,0.02369876764714718,0.011891871690750122,0.006424122955650091,0.9101510643959045,0.0016014003194868565,0.015955083072185516,0.007583229802548885,0.010197825729846954,Flute
ca8653d2.wav,Flute,0.0009248197893612087,4.309244468458928e-05,0.04064757376909256,0.0015321007231250405,0.0034562619403004646,0.8815617561340332,2.074730582535267e-05,0.06993786245584488,0.000297162972856313,0.0015785836149007082,Flute
6b27a847.wav,Flute,0.0003967389347963035,1.7793490769690834e-06,0.02371377684175968,0.012697601690888405,1.0756117490018369e-06,0.9536316394805908,3.247702579756151e-06,0.009130527265369892,9.401802572028828e-07,0.00042265132651664317,Flute
4bcc8a77.wav,Flute,0.045908667147159576,0.0014861531089991331,0.004698159638792276,0.0007465303642675281,0.009941626340150833,0.911105751991272,4.838372547055769e-07,0.0014453534968197346,1.9367786080692895e-05,0.024647971615195274,Flute
84f5b84b.wav,Flute,0.008452828042209148,0.0001490006543463096,0.0029798189643770456,0.0031932916026562452,2.3467335267923772e-05,0.9619073271751404,0.0002489717153366655,0.018438639119267464,0.000306085217744112,0.004300309345126152,Flute
5d73ee6f.wav,Flute,0.017508532851934433,0.012100206688046455,0.06255408376455307,0.023761825636029243,0.011866741813719273,0.6984690427780151,0.01583974063396454,0.08861730992794037,0.0323404036462307,0.03694218024611473,Flute
5d040c3b.wav,Flute,0.018482206389307976,5.998561391606927e-06,0.036497294902801514,0.0005978684057481587,0.015516981482505798,0.8580584526062012,1.4802055581242257e-08,0.04127808287739754,0.003335149958729744,0.026228042319417,Flute
6a037ddf.wav,Flute,0.011767450720071793,0.0060400282964110374,0.04092216119170189,0.020735619589686394,0.010959566570818424,0.8609440922737122,0.0006425463943742216,0.013621615245938301,0.009482501074671745,0.02488434687256813,Flute
35e97db3.wav,Flute,1.1621156259522536e-09,1.0266874017617056e-09,5.657125075231306e-05,5.536809339901083e-07,4.0921690406918454e-13,0.9999063014984131,7.35382754690761e-10,7.906987775641028e-06,3.4500264515895107e-13,2.8830641895183362e-05,Flute
d14f5df1.wav,Flute,0.009806332178413868,0.00018429251213092357,0.05815804749727249,0.0043485453352332115,0.00959851499646902,0.792346715927124,8.6087957242853e-06,0.11355940997600555,0.0001484375388827175,0.01184105034917593,Flute
9f522cda.wav,Flute,0.0008498984971083701,3.3433849466746324e-07,0.003642013994976878,0.00389251671731472,2.7009886252926663e-05,0.9310210347175598,1.2224712008901406e-05,0.059129711240530014,2.0715746359201148e-05,0.0014044654089957476,Flute
fe76c972.wav,Flute,0.012136418372392654,0.002812049351632595,0.061830803751945496,0.019296441227197647,0.0014454383635893464,0.8775723576545715,0.00023046658316161484,0.019906073808670044,8.430451271124184e-05,0.004685662221163511,Flute
562d93f5.wav,Flute,0.009979164227843285,0.0012095001293346286,0.020882368087768555,0.0028551642317324877,0.003830238478258252,0.8964895009994507,3.142011701129377e-05,0.03558960184454918,0.020930159837007523,0.008202834986150265,Flute
fa32109e.wav,Flute,0.0010404086206108332,0.002171699656173587,0.057789482176303864,0.008366701193153858,0.005578918848186731,0.8685474991798401,0.0003867659834213555,0.04008539766073227,0.014123675413429737,0.0019095683237537742,Flute
b4b2b68d.wav,Flute,0.011275429278612137,0.0002903137938119471,0.06494924426078796,0.026163212954998016,0.013172652572393417,0.8295620083808899,0.00530985789373517,0.025010032579302788,0.01204641256481409,0.012220824137330055,Flute
af227d6f.wav,Flute,0.00914804544299841,0.00016369399963878095,0.0643966943025589,0.010901897214353085,0.014062200672924519,0.8240695595741272,0.012615039944648743,0.04497285559773445,0.0005505143199115992,0.01911957561969757,Flute
85d6a7d2.wav,Flute,0.030283035710453987,0.0005581735749728978,0.06069042906165123,0.02338065765798092,0.02096562646329403,0.7607461214065552,0.0002578825515229255,0.09352003782987595,0.00027681971550919116,0.00932121928781271,Flute
3707da71.wav,Flute,0.00315043143928051,0.0015489398501813412,0.01431571040302515,0.007209897041320801,0.005593069363385439,0.7676962614059448,0.01358788087964058,0.167855367064476,0.008552094921469688,0.010490511544048786,Flute
61c914b1.wav,Flute,5.080389018985443e-05,4.1066763856179023e-07,0.019106457009911537,0.02521231770515442,3.811896749539301e-05,0.9515059590339661,1.6214515841106447e-10,0.004080540034919977,5.587918394667213e-07,4.896074642601889e-06,Flute
f5e20dce.wav,Flute,0.0632968321442604,0.002041188068687916,0.10808572918176651,0.008681386709213257,0.006724306847900152,0.5522151589393616,0.0047812988050282,0.09155682474374771,0.09456939995288849,0.06804786622524261,Flute
b0d9849d.wav,Flute,0.026987124234437943,0.003769183298572898,0.03819277137517929,0.010785519145429134,0.011981354095041752,0.8556209802627563,9.054531255969778e-05,0.03312697261571884,0.009918740019202232,0.009526893496513367,Flute
6ef82473.wav,Flute,0.015675971284508705,8.569425699533895e-05,0.04950563609600067,0.005061181262135506,0.026661500334739685,0.8300813436508179,6.583354115718976e-05,0.06452347338199615,0.00010707004548748955,0.008232501335442066,Flute
8986cced.wav,Flute,0.0004836093576159328,4.829712452192325e-08,0.00017161897267214954,0.0020219844300299883,0.00015771089238114655,0.9770143628120422,1.1095090712842648e-07,0.004434384871274233,3.172593278577551e-05,0.01568440906703472,Flute
a64a3740.wav,Clarinet,1.8261624745719018e-07,1.920111145636838e-07,0.004280045162886381,0.9835395216941833,0.00010360692976973951,0.007619572803378105,1.5760750482485264e-09,3.6683809412352275e-06,1.2447189874364994e-06,0.004452034365385771,Clarinet
ad7ec8cb.wav,Clarinet,1.2336209831431688e-10,3.072842070313449e-14,5.300675525177212e-07,0.9868831634521484,4.674139894578211e-11,0.013100961223244667,1.1068487164138385e-13,8.258998605015222e-06,5.4984635511345914e-08,6.964506155782146e-06,Clarinet
8ee44fb5.wav,Clarinet,0.014422368258237839,3.955998289367768e-12,1.0283038420766388e-08,0.9025114178657532,3.414918319322169e-05,0.0772617906332016,3.1317012785109233e-12,0.0010286400793120265,1.6080539353424683e-05,0.004725467413663864,Clarinet
7eb959ec.wav,Clarinet,0.047982003539800644,0.00011843795800814405,0.02054118737578392,0.8132516145706177,0.007673612330108881,0.028485238552093506,0.0006578706670552492,0.05921797826886177,0.007351836655288935,0.01472028810530901,Clarinet
e51e1770.wav,Clarinet,0.0023314098361879587,1.3928247710737196e-07,0.00028220820240676403,0.9111044406890869,0.011881346814334393,0.0208874624222517,8.808742859400809e-05,0.014827135019004345,0.011692501604557037,0.026905184611678123,Clarinet
3f7e6da8.wav,Clarinet,0.0015485916519537568,3.9499904232798144e-05,0.013545558787882328,0.9211302399635315,8.120893653540406e-06,0.01058078184723854,0.004449705593287945,0.011443418450653553,0.011518040671944618,0.025736119598150253,Clarinet
3cbe9902.wav,Clarinet,0.040998607873916626,0.010526253841817379,0.028971172869205475,0.8239705562591553,0.011093820445239544,0.006344725843518972,0.0009232712327502668,0.03358228877186775,0.021233320236206055,0.022355904802680016,Clarinet
9a722e53.wav,Clarinet,0.00310471816919744,8.455114766547922e-06,0.00046172167640179396,0.9124080538749695,0.00010444604413351044,0.0025621976237744093,9.285374247269829e-09,0.022751154378056526,0.014284785836935043,0.044314347207546234,Clarinet
19105b8a.wav,Clarinet,0.029040120542049408,0.0006483368342742324,0.02309560962021351,0.7124349474906921,0.03489260748028755,0.018174225464463234,0.0035201143473386765,0.0719357579946518,0.02910972572863102,0.07714856415987015,Clarinet
1f81cc2b.wav,Clarinet,0.009690772742033005,3.0324748877319507e-05,0.02290727198123932,0.8075790405273438,0.0018097813008353114,0.05805061757564545,5.115741805639118e-05,0.06354572623968124,0.018273472785949707,0.018061703070998192,Clarinet
44c5094c.wav,Clarinet,0.01178818754851818,1.928868005052209e-05,0.026728639379143715,0.8631808757781982,0.0006010832730680704,0.05828090384602547,9.773772902121891e-09,0.03855748474597931,3.73171606042888e-05,0.0008062676643021405,Clarinet
5506629f.wav,Clarinet,0.016553958877921104,0.0001063173112925142,0.19110669195652008,0.4836678206920624,0.007442668545991182,0.1078924611210823,2.10221824090695e-05,0.06345362216234207,0.08932305127382278,0.040432363748550415,Clarinet
ddf23920.wav,Clarinet,1.0981495961459586e-06,8.536015644322603e-12,2.4261220460175537e-05,0.9937416911125183,1.4184190149535425e-05,0.005747110117226839,1.5259687957680512e-10,5.566846812143922e-05,3.9939887841455857e-08,0.0004159810487180948,Clarinet
2e1cd085.wav,Clarinet,2.84150409868289e-08,1.4515500384956498e-16,2.814000366058167e-09,0.998727023601532,5.193318202145747e-07,0.000669251021463424,3.7124182851108745e-13,0.00025166216073557734,0.00033868057653307915,1.268986306968145e-05,Clarinet
dc981a38.wav,Clarinet,0.009251928888261318,0.00038823651266284287,0.03155076131224632,0.6405346989631653,0.011473391205072403,0.15069104731082916,0.00020266452338546515,0.13183315098285675,0.0016893385909497738,0.022384777665138245,Clarinet
a053797b.wav,Clarinet,0.014786917716264725,1.3328498894848995e-11,4.479011384006526e-09,0.9364514946937561,6.77335265208967e-05,0.0034054452553391457,1.250508585570742e-10,0.038932789117097855,4.4225348005966225e-07,0.006355251185595989,Clarinet
f2310f0d.wav,Clarinet,0.06798329949378967,0.010454290546476841,0.01254143938422203,0.7928670048713684,0.003669116646051407,0.008790156804025173,0.00048643999616615474,0.021275637671351433,0.01743042655289173,0.06450202316045761,Clarinet
ce65d6b5.wav,Clarinet,0.003892402397468686,1.1395837051786373e-10,2.9705481665587286e-06,0.797121524810791,9.249254071619362e-05,0.04973132908344269,3.0254785343686308e-09,0.13273295760154724,0.0036254064179956913,0.012800983153283596,Clarinet
45de3233.wav,Clarinet,0.02137877605855465,0.015686234459280968,0.029256755486130714,0.8738143444061279,0.011406469158828259,0.009165299125015736,0.0004118203360121697,0.007182625122368336,0.013703959994018078,0.017993668094277382,Clarinet
8916ffcd.wav,Clarinet,0.015457470901310444,4.151487758008443e-07,0.00014371337601915002,0.8904627561569214,0.030159786343574524,0.028789302334189415,7.701685400540725e-10,0.024219650775194168,0.005771501921117306,0.004995344206690788,Clarinet
e43f7db2.wav,Clarinet,0.017683446407318115,8.083033026196063e-05,0.013225683942437172,0.868280827999115,1.8207329048891552e-05,0.00041495656478218734,0.005092306528240442,0.0003754959034267813,0.035532671958208084,0.05929551273584366,Clarinet
3c66098d.wav,Clarinet,7.336320322792744e-06,2.8001678920871282e-15,6.292472335189814e-06,0.9567249417304993,5.295122562642973e-08,0.04192966967821121,2.578778390913833e-13,0.0012914594262838364,5.582231898948464e-11,4.009144686278887e-05,Clarinet
ad42e493.wav,Clarinet,2.4720757210161537e-05,1.009982875110893e-09,0.00037997623439878225,0.9655064344406128,0.0007946628611534834,0.0015844362787902355,1.9505956849741324e-09,0.010908694006502628,1.4596712283321267e-08,0.020800959318876266,Clarinet
740e5bb7.wav,Clarinet,0.016938475891947746,0.007780116051435471,0.07279001176357269,0.6679672002792358,0.02257733978331089,0.07024180889129639,0.009904421865940094,0.06498586386442184,0.049428462982177734,0.017386270686984062,Clarinet
800b401e.wav,Clarinet,0.029599638655781746,0.0019617865327745676,0.009086781181395054,0.8411407470703125,0.00471928296610713,0.07211211323738098,1.3234742255008314e-05,0.02266864664852619,0.003666928270831704,0.015030794776976109,Clarinet
3c713bcf.wav,Clarinet,0.0018404392758384347,0.0001695235987426713,0.02261430211365223,0.9510999321937561,0.004993587266653776,0.005223124288022518,0.003047067439183593,0.0018986116629093885,0.0066034384071826935,0.0025101169012486935,Clarinet
2fc00271.wav,Clarinet,0.02738560177385807,1.0652944183675572e-05,0.0008688376983627677,0.9433889389038086,0.002309408038854599,0.00025688798632472754,4.226345117785968e-05,0.0008135148091241717,0.01698226109147072,0.007941683754324913,Clarinet
b0c06255.wav,Clarinet,0.02363048866391182,5.975882231723517e-05,0.04262124001979828,0.7881807684898376,0.0030733426101505756,0.021144932135939598,3.7656835161214985e-07,0.09076615422964096,0.007869936525821686,0.022652901709079742,Clarinet
71c6451f.wav,Clarinet,0.0001225918676936999,2.3677078786477068e-07,3.8933922041906044e-05,0.744309663772583,9.063797733688261e-06,0.17104072868824005,7.31647815249703e-12,0.08214380592107773,5.218633668846451e-05,0.002282866043969989,Clarinet
5de123c3.wav,Clarinet,0.012965542264282703,4.808993594451749e-07,0.0008433397160843015,0.8903947472572327,5.965549644315615e-05,0.005943522322922945,1.5734195057959255e-09,0.083808533847332,2.2642514522885904e-05,0.005961440037935972,Clarinet
